name	gender	tier
가온	U	1
강민	M	1
건우	M	1
규리	F	1
규민	M	1
나연	F	1
나윤	U	1
나은	F	1
다연	F	1
다온	U	1
다올	U	1
다윤	U	1
다은	F	1
다인	U	1
다현	F	1
도경	M	1
도영	M	1
도윤	M	1
도현	M	1
도훈	M	1
라온	U	1
로운	M	1
리아	F	1
리안	M	1
미소	F	1
민서	F	1
민성	M	1
민아	F	1
민재	M	1
민준	M	1
민찬	M	1
상우	M	1
서아	F	1
서연	F	1
서영	F	1
서온	F	1
서우	M	1
서윤	F	1
서율	F	1
서정	F	1
서준	M	1
서진	U	1
서하	F	1
서현	U	1
서희	F	1
선우	M	1
성민	M	1
세아	F	1
세은	F	1
세준	M	1
소윤	F	1
소율	F	1
소은	F	1
소이	F	1
소희	F	1
수아	F	1
수현	M	1
슬기	F	1
승민	M	1
승우	M	1
승윤	M	1
승준	M	1
승현	M	1
승호	M	1
시아	F	1
시안	M	1
시연	F	1
시우	M	1
시원	U	1
시윤	M	1
시은	F	1
시하	F	1
시헌	M	1
시후	M	1
아라	F	1
아린	F	1
아영	F	1
아윤	U	1
연우	U	1
연준	M	1
예나	F	1
예린	F	1
예림	F	1
예서	F	1
예성	M	1
예솔	F	1
예원	F	1
예은	F	1
예준	M	1
예진	F	1
예찬	U	1
온유	U	1
우주	M	1
우진	M	1
유건	M	1
유나	F	1
유빈	F	1
유서	F	1
유원	M	1
유은	F	1
유주	F	1
유준	M	1
유진	F	1
유찬	M	1
유하	U	1
유호	M	1
윤서	F	1
윤아	F	1
은서	F	1
은우	U	1
은찬	M	1
은채	F	1
은하	F	1
은호	M	1
이든	U	1
이슬	F	1
이안	M	1
이준	M	1
재우	M	1
재원	M	1
재윤	M	1
재이	U	1
정민	M	1
정우	M	1
주안	U	1
주원	M	1
주하	F	1
준서	M	1
준영	M	1
준우	M	1
준혁	M	1
준호	M	1
지민	F	1
지성	M	1
지수	F	1
지아	F	1
지안	U	1
지완	M	1
지우	U	1
지운	M	1
지원	U	1
지유	F	1
지윤	F	1
지한	M	1
지호	M	1
지환	M	1
지효	F	1
지후	M	1
지훈	M	1
진우	M	1
채아	F	1
채원	F	1
채윤	F	1
채은	F	1
태경	M	1
태민	M	1
태오	M	1
태윤	M	1
태호	M	1
하나	F	1
하람	U	1
하린	F	1
하언	F	1
하영	F	1
하온	M	1
하윤	U	1
하율	U	1
하은	F	1
하준	M	1
하진	M	1
현우	M	1
현준	M	1
가람	M	2
가빈	F	2
가연	F	2
가영	F	2
가율	F	2
가희	F	2
강우	M	2
강준	M	2
강현	M	2
강호	M	2
건재	M	2
건하	M	2
건형	M	2
건희	M	2
겨울	F	2
경민	M	2
경수	M	2
경아	F	2
경윤	M	2
경택	M	2
경한	M	2
경호	M	2
경희	F	2
관우	M	2
관호	M	2
광민	M	2
광수	M	2
광진	M	2
규나	F	2
규성	M	2
규아	F	2
규진	M	2
규현	M	2
규호	M	2
근우	M	2
금비	F	2
기범	M	2
기석	M	2
기태	M	2
기현	M	2
기훈	M	2
나래	F	2
나린	F	2
나비	F	2
나영	F	2
나예	F	2
나울	F	2
나현	U	2
나희	F	2
남우	M	2
남준	M	2
남진	M	2
남현	M	2
남훈	M	2
노민	M	2
노을	F	2
노준	M	2
다경	F	2
다래	F	2
다미	F	2
다빈	F	2
다솜	F	2
다애	F	2
다혜	F	2
다훈	M	2
다희	F	2
단비	F	2
담비	F	2
담아	F	2
대건	M	2
대영	M	2
대운	M	2
대웅	M	2
대윤	M	2
대준	M	2
대현	M	2
덕현	M	2
도담	F	2
도민	M	2
도아	F	2
도연	F	2
도준	M	2
도하	M	2
도한	M	2
도희	F	2
동건	M	2
동규	M	2
동민	M	2
동영	M	2
동욱	M	2
동주	M	2
동한	M	2
동현	M	2
두현	M	2
두호	M	2
두환	M	2
라니	F	2
라윤	F	2
라율	F	2
려원	F	2
려진	F	2
로아	F	2
로은	F	2
로희	F	2
루나	F	2
루아	F	2
리사	F	2
리원	F	2
마루	F	2
마리	F	2
마음	F	2
만호	M	2
명아	F	2
명우	M	2
명주	F	2
명준	M	2
명진	M	2
명현	M	2
모아	F	2
무겸	M	2
무진	M	2
문경	U	2
문수	M	2
문준	M	2
문호	M	2
미나	F	2
미단	F	2
미래	F	2
미르	F	2
미리	F	2
미영	F	2
미주	F	2
민건	M	2
민겸	M	2
민규	M	2
민수	M	2
민정	F	2
민주	F	2
민하	F	2
민혁	M	2
민호	M	2
바다	F	2
바름	F	2
밝음	F	2
백설	F	2
백승	M	2
백아	F	2
백현	M	2
백호	M	2
범석	M	2
범수	M	2
범진	M	2
별하	U	2
병기	M	2
병윤	M	2
병현	M	2
병훈	M	2
보경	F	2
보나	F	2
보라	F	2
보람	F	2
보성	M	2
봄이	F	2
봉준	M	2
봉현	M	2
사랑	F	2
사월	F	2
상민	M	2
상범	M	2
상아	F	2
상윤	M	2
상준	M	2
상혁	M	2
상현	M	2
새롬	F	2
새봄	F	2
새하	F	2
서강	M	2
서경	F	2
서담	F	2
서린	F	2
서빈	F	2
서한	M	2
석민	M	2
석원	M	2
석현	M	2
석호	M	2
선민	M	2
선아	F	2
선영	F	2
선재	M	2
선주	F	2
성아	F	2
성엽	M	2
성우	M	2
성욱	M	2
성은	F	2
성준	M	2
성진	M	2
성찬	M	2
성한	M	2
성호	M	2
세라	F	2
세림	F	2
세연	F	2
세영	U	2
세온	F	2
세원	M	2
세진	F	2
세하	M	2
세현	M	2
세형	M	2
세훈	M	2
세희	F	2
소담	F	2
소라	F	2
소망	F	2
소민	F	2
소빈	F	2
소영	F	2
소울	U	2
소원	U	2
소정	F	2
소진	F	2
솔비	F	2
송이	F	2
수겸	M	2
수경	F	2
수련	F	2
수린	F	2
수민	U	2
수빈	U	2
수연	F	2
수원	M	2
수정	F	2
수한	M	2
수호	M	2
순영	F	2
슬비	F	2
슬아	F	2
승기	M	2
승아	U	2
승엽	M	2
승재	M	2
승택	M	2
승표	M	2
승훈	M	2
승희	F	2
시몬	M	2
시열	M	2
시온	F	2
시현	M	2
신비	F	2
신영	M	2
신우	M	2
신욱	M	2
신재	M	2
아론	M	2
아름	F	2
아정	F	2
아준	M	2
아현	F	2
애나	F	2
애리	F	2
여름	F	2
여울	F	2
여원	F	2
여준	M	2
여진	F	2
여호	M	2
연규	M	2
연서	F	2
연아	F	2
연택	M	2
연호	M	2
연화	F	2
영광	M	2
영민	M	2
영은	F	2
영주	F	2
영준	M	2
영찬	M	2
영표	M	2
영훈	M	2
예강	M	2
예담	F	2
예람	F	2
예본	F	2
예승	M	2
예온	M	2
예지	F	2
예현	F	2
예훈	M	2
온새	F	2
온하	F	2
용재	M	2
용준	M	2
용하	M	2
용현	M	2
우담	M	2
우빈	M	2
우성	M	2
우신	M	2
우현	M	2
원우	M	2
원준	M	2
원호	M	2
유경	F	2
유담	U	2
유리	F	2
유미	F	2
유신	M	2
유정	F	2
윤슬	F	2
윤재	M	2
윤정	F	2
윤호	M	2
은가	F	2
은결	F	2
은겸	M	2
은별	F	2
은비	F	2
은성	M	2
은솔	F	2
은유	F	2
은정	F	2
은주	F	2
은지	F	2
은택	M	2
의준	M	2
의현	M	2
이겸	M	2
이나	F	2
이레	U	2
인서	F	2
인성	M	2
인아	F	2
인우	M	2
인혁	M	2
인후	M	2
자영	F	2
자은	F	2
재겸	M	2
재민	M	2
재욱	M	2
재하	M	2
재현	M	2
재호	M	2
재훈	M	2
정아	F	2
정연	F	2
정욱	M	2
정운	M	2
정원	F	2
정한	M	2
정후	M	2
정훈	M	2
제나	F	2
제이	F	2
종민	M	2
종우	M	2
종하	M	2
종현	M	2
주아	F	2
주영	F	2
주완	M	2
주은	F	2
주헌	M	2
주희	F	2
준교	M	2
준범	M	2
준상	M	2
준수	M	2
준하	M	2
준희	M	2
지담	F	2
지범	M	2
지선	F	2
지숙	F	2
지영	F	2
지웅	M	2
지율	F	2
지향	F	2
지헌	M	2
지현	F	2
지혜	F	2
진서	F	2
진성	M	2
진아	F	2
진영	U	2
진욱	M	2
진주	F	2
진하	M	2
진혁	M	2
진호	M	2
찬결	M	2
찬미	F	2
찬영	M	2
찬우	M	2
찬희	M	2
창민	M	2
창현	M	2
채린	F	2
채민	M	2
채영	F	2
채율	F	2
채하	F	2
철민	M	2
청아	F	2
초록	F	2
초아	F	2
초원	F	2
태강	M	2
태겸	M	2
태리	F	2
태산	M	2
태서	M	2
태연	F	2
태영	M	2
태우	M	2
태율	M	2
태현	M	2
하경	F	2
하늘	U	2
하민	M	2
하봄	F	2
하성	M	2
학수	M	2
한결	M	2
한나	F	2
한별	U	2
한서	M	2
한올	F	2
한음	M	2
한주	M	2
해나	F	2
해린	F	2
해솔	F	2
해윤	F	2
향기	F	2
향아	F	2
현겸	M	2
현빈	M	2
현서	U	2
현수	M	2
현아	F	2
현주	F	2
현탁	M	2
형민	M	2
형우	M	2
형준	M	2
형진	M	2
혜나	F	2
혜림	F	2
혜원	F	2
혜윤	F	2
혜인	F	2
혜진	F	2
호성	M	2
호연	M	2
호정	F	2
호준	M	2
호진	M	2
홍민	M	2
홍석	M	2
홍준	M	2
화연	F	2
화영	F	2
화음	F	2
화준	M	2
효린	F	2
효민	M	2
효원	F	2
효은	F	2
효주	F	2
효준	M	2
훈민	M	2
훈석	M	2
훈재	M	2
희나	F	2
희망	M	2
희성	M	2
희연	F	2
희원	F	2
희주	F	2
희준	M	2
희찬	M	2
가순	F	3
갑수	M	3
갑진	M	3
강석	M	3
강옥	F	3
강일	M	3
강진	M	3
강태	M	3
강희	F	3
건모	M	3
경석	M	3
경순	F	3
경실	F	3
경옥	F	3
경일	M	3
경자	F	3
경준	M	3
경환	M	3
계숙	F	3
계옥	F	3
계화	F	3
계훈	M	3
관순	F	3
관식	M	3
광섭	M	3
광일	M	3
광호	M	3
국진	M	3
국현	M	3
권석	M	3
권우	M	3
권일	M	3
귀남	F	3
규석	M	3
규순	F	3
규옥	F	3
근석	M	3
근수	M	3
근태	M	3
근형	M	3
금숙	F	3
금옥	F	3
금자	F	3
금희	F	3
기남	M	3
기수	M	3
기순	F	3
기영	M	3
기창	M	3
나옥	F	3
나자	F	3
남규	M	3
남석	M	3
남순	F	3
남실	F	3
남옥	F	3
남철	M	3
남희	F	3
노석	M	3
노태	M	3
노현	M	3
다솔	F	3
다순	F	3
다실	F	3
다옥	F	3
담호	M	3
대석	M	3
대성	M	3
대호	M	3
대환	M	3
덕규	M	3
덕수	M	3
덕순	F	3
덕자	F	3
덕진	M	3
덕희	F	3
도석	M	3
도순	F	3
도식	M	3
도실	F	3
도옥	F	3
동석	M	3
동수	M	3
동원	M	3
동찬	M	3
동철	M	3
두석	M	3
두성	M	3
만석	M	3
만수	M	3
명석	M	3
명순	F	3
명실	F	3
명옥	F	3
명자	F	3
명환	M	3
명희	F	3
무성	M	3
무열	M	3
문규	M	3
문성	M	3
문식	M	3
문옥	F	3
문자	F	3
문희	F	3
미경	F	3
미령	F	3
미선	F	3
미숙	F	3
미연	F	3
미자	F	3
미정	F	3
미향	F	3
민경	F	3
민옥	F	3
민철	M	3
방숙	F	3
방원	M	3
방자	F	3
백규	M	3
백진	M	3
백희	F	3
범규	M	3
범준	M	3
병국	M	3
병규	M	3
병수	M	3
병식	M	3
병찬	M	3
보옥	F	3
복동	M	3
복순	F	3
복희	F	3
봉규	M	3
봉수	M	3
봉순	F	3
봉식	M	3
봉희	F	3
삼순	F	3
삼진	M	3
삼희	F	3
상규	M	3
상길	M	3
상순	F	3
상옥	F	3
상철	M	3
상호	M	3
상훈	M	3
상희	F	3
서권	M	3
서규	M	3
서순	F	3
서옥	F	3
서환	M	3
석규	M	3
석주	M	3
석진	M	3
석환	M	3
선경	F	3
선규	M	3
선미	F	3
선실	F	3
선옥	F	3
선자	F	3
선철	M	3
선호	M	3
선희	F	3
성경	F	3
성권	M	3
성규	M	3
성미	F	3
성복	M	3
성수	M	3
성숙	F	3
성옥	F	3
성철	M	3
성희	F	3
세경	F	3
세권	M	3
세규	M	3
세중	M	3
세환	M	3
소미	F	3
소순	F	3
소자	F	3
수광	M	3
수규	M	3
수미	F	3
수철	M	3
수환	M	3
순규	M	3
순덕	F	3
순미	F	3
순실	F	3
순옥	F	3
순자	F	3
순희	F	3
승국	M	3
승규	M	3
승자	F	3
승철	M	3
시규	M	3
시목	M	3
시철	M	3
시환	M	3
신규	M	3
신옥	F	3
신자	F	3
신철	M	3
신호	M	3
신희	F	3
안규	M	3
안수	M	3
애경	F	3
애순	F	3
애자	F	3
양수	M	3
양순	F	3
양자	F	3
양준	M	3
양희	F	3
여명	M	3
여순	F	3
여옥	F	3
여찬	M	3
여철	M	3
연경	F	3
연미	F	3
연식	M	3
연옥	F	3
연자	F	3
연철	M	3
연희	F	3
영경	F	3
영관	M	3
영권	M	3
영기	M	3
영미	F	3
영석	M	3
영순	F	3
영실	F	3
영옥	F	3
영일	M	3
영자	F	3
영채	M	3
영철	M	3
영희	F	3
예권	M	3
옥경	F	3
옥순	F	3
옥실	F	3
옥자	F	3
옥희	F	3
용국	M	3
용수	M	3
용순	F	3
용자	F	3
용진	M	3
용철	M	3
용희	F	3
우석	M	3
우종	M	3
우철	M	3
원규	M	3
원순	F	3
원식	M	3
원자	F	3
원철	M	3
원희	F	3
유광	M	3
유석	M	3
유순	F	3
유옥	F	3
유철	M	3
유희	F	3
윤관	M	3
윤기	M	3
윤성	M	3
윤철	M	3
은경	F	3
은권	M	3
은미	F	3
은순	F	3
은옥	F	3
은자	F	3
은철	M	3
의성	M	3
의진	M	3
의철	M	3
익수	M	3
인경	F	3
인규	M	3
인숙	F	3
인식	M	3
인옥	F	3
인철	M	3
인호	M	3
인희	F	3
일권	M	3
일성	M	3
일환	M	3
임수	M	3
자경	F	3
자성	M	3
자순	F	3
자옥	F	3
재광	M	3
재규	M	3
재복	M	3
재석	M	3
재영	M	3
재철	M	3
정경	F	3
정광	M	3
정규	M	3
정미	F	3
정석	M	3
정수	M	3
정숙	F	3
정순	F	3
정실	F	3
정옥	F	3
정자	F	3
정철	M	3
정호	M	3
정희	F	3
종석	M	3
종수	M	3
종순	F	3
종옥	F	3
종철	M	3
종희	F	3
주경	F	3
주미	F	3
주순	F	3
주옥	F	3
주환	M	3
준식	M	3
준철	M	3
지순	F	3
지옥	F	3
지철	M	3
지평	M	3
지희	F	3
진경	F	3
진규	M	3
진수	M	3
진숙	F	3
진옥	F	3
진철	M	3
진희	F	3
창규	M	3
창수	M	3
창순	F	3
창옥	F	3
창철	M	3
창희	F	3
채경	F	3
채순	F	3
채옥	F	3
채희	F	3
천수	M	3
천숙	F	3
천옥	F	3
천환	M	3
천희	F	3
철규	M	3
철수	M	3
철환	M	3
초순	F	3
초옥	F	3
초희	F	3
춘옥	F	3
춘자	F	3
춘희	F	3
태수	M	3
태순	F	3
태식	M	3
태옥	F	3
태환	M	3
태희	F	3
판규	M	3
판수	M	3
필순	F	3
필자	F	3
필희	F	3
하순	F	3
하옥	F	3
하철	M	3
하희	F	3
학규	M	3
학진	M	3
한수	M	3
한철	M	3
해수	M	3
해철	M	3
향순	F	3
향옥	F	3
향희	F	3
헌수	M	3
헌철	M	3
현경	F	3
현규	M	3
현숙	F	3
현옥	F	3
현철	M	3
현희	F	3
형석	M	3
혜경	F	3
혜미	F	3
혜숙	F	3
혜순	F	3
혜옥	F	3
호규	M	3
호순	F	3
호영	M	3
호옥	F	3
호철	M	3
호희	F	3
홍기	M	3
홍철	M	3
화경	F	3
화수	M	3
화순	F	3
화실	F	3
화자	F	3
화희	F	3
환수	M	3
회창	M	3
효경	F	3
효순	F	3
효식	M	3
효옥	F	3
효철	M	3
효희	F	3
훈규	M	3
훈철	M	3
흥수	M	3
흥진	M	3
희경	F	3
희수	M	3
희순	F	3
희옥	F	3
희자	F	3
희철	M	3
